userName,score,at,content
AXRAI,1,2025-12-01 04:46:32,"bikin npwp online di tolak terus padahal dah di isi sesuai ktp,ditolak alamat detail .negara bikin web g bisa yang beres apa.mana otp sms pakai pulsa lagi"
Rosa,1,2025-11-29 14:47:20,ga bisa login. setiap selesai isi kode 2fa langsung err login lg
Pandu Krisnatama,1,2025-11-25 20:16:07,aplikasi sampah di negara sampah
Baik Livius,1,2025-11-25 16:41:56,"browser masuk,pakai aplikasi ini salah,useless"
Muhammad Zidane Krismantoro,5,2025-11-21 13:29:21,good
Syahrial Haris Habibie,1,2025-11-21 03:15:59,Useless
Meina Putriningtyas,2,2025-11-20 00:09:40,Ini ga ada menu buat sign up ya?
Syaif Al Muhandis,1,2025-11-18 13:03:16,"gak bisa login, error terus, gmn mau lapor pajak?"
Novia Limanto,1,2025-11-07 07:42:49,aplikasi sampah
Herr von Galung,1,2025-11-01 04:26:57,"can't login, session always expires immediately right after OTP"
EG SPORT NEWS IDN,2,2025-10-30 02:34:32,can't login.. setelah login ada indikasi sesi berakhir...terus begitu
Satria Ego Vania,1,2025-10-25 11:56:40,mau cek npwp susahnyo
Rimba Febriyan Working,1,2025-10-23 08:22:14,"be aware scammer, if u installed this apps u cant delete it."
Hendrik Louis Mahdi,1,2025-10-21 04:38:13,tolol
T. Nu.,1,2025-10-20 09:14:26,Selalu gagal login setelah entry kode 2fa dari email
Hanna Choi,1,2025-10-17 11:01:48,"ga guna, sampah"
PUTROSM DARSONO,1,2025-10-15 08:19:27,"bad App, disappointing!"
Mayang Kumala,1,2025-10-14 05:07:15,BAPUK ANJIRRR. Makanya klo buat website jangan kebanyakan di korupsi
Gogo Diego Silalahi,1,2025-09-29 11:10:20,aplikasi kelewatan tolol ya ampun
Shiroe Yuki (general),1,2025-09-28 05:00:57,"minta otp sehari setelah baru dikirim, dipalak aja dipersulit, pejabat makanin uang proyek haram"
Ambar Kusumasari,1,2025-09-25 08:12:28,"Aplikasi di smartphone itu sejatinya memudahkan user, kek mana ini mau login pun tak bisa, kirim kode verifikasi ke email tapi ga masuk, bolak balik refresh & cek spam tak ada, diulangÂ² pun masih sama. Live chat tdk membantu, BOT smua. What should we do then ??"
bagus pamung,1,2025-09-23 12:11:53,"aplikasi CACAT TOTAL, panggunaan anggaran pajak rakyat untuk produk CACAT... para pegawai PAJAK BAJINGAN pantas masuk neraka"
VORWANTO RIZKI Chandra,1,2025-09-22 08:21:20,"kode verifikasi kirim sekarang besok baru masuk, tolong benahi servernya bosku"
athian s,2,2025-09-22 06:48:36,masrkt mau lapor pajak tapi sulit bner ... nugu lama dpt perivikasi lewat email hadeh ... ga aneh kalo plat merh bkn ginian cma formalitas doang
Pralana Anggi Nababan,1,2025-09-13 10:18:49,RIBET DAN SUSAH. ORANG IT PUN BINGUNG SAMA INI PAJAK
Jo Vianto,1,2025-09-13 07:41:48,app apaan ini login aja gabisa.
stefanus andreas,1,2025-09-12 09:32:42,"mau buat npwp online untuk kontraktor yg awam sama gadget , ssh bwner , mendingan pada lu balikin dulu buat npwp online sebelumnya , apaan lagi ini core tax , yang dulu udah bner ngqpain lu rubah rubah , bikin ribet mau bayar pajak aja set""n"
Bennett,1,2025-09-10 02:27:28,SEKOLA
Iwan Iswanto,1,2025-09-08 16:07:00,"Aplikasi taikkk, ga menyelesaikan masalah. Mau req efin, npwp 16 digit ehh input nya max 15 digit. Kan tololll"
MekzXD,1,2025-08-31 04:27:54,"terimakasih berkat aplikasi ini hidup saya yang susah tambah susah,benar benar suatu prestasi perpajakan indonesia"
Aang Senopati,1,2025-08-26 22:25:30,"gk guna,percuma ada buat online kalo ujungÂ²nya ke kantor. susah kalo mental pungli mah"
Narumi Unaa,1,2025-08-12 08:41:36,"Aplikasi nya tidak berguna. Tidak bisa login sama sekali. Padahal di website bisa login, tapi di aplikasi tidak bisa login, katanya error 1516 or something. Fix it la."
Kiera,1,2025-08-11 14:26:07,Why the heck your app keeps on crashing?! Fix your own bug!!!
Boyz Ismail,1,2025-08-11 04:37:00,Gak ada menu untuk daftar pengguna baru. Yang ada hanya menu untuk login. Gimana mau login kalo belum daftar. ğŸ‘ğŸ‘ğŸ‘ğŸ‘ğŸ‘
Hendy Gunawan Prasetyo,1,2025-08-10 03:50:47,sumpah menyusahkan nian
reka wibawa,1,2025-08-09 01:39:35,"tidak bisa login walau sudah memasukkan kode verifikasi berulang, sepertinya aplikasi ini perlu update"
Arsyadul Ibaad,1,2025-08-01 11:44:27,"ga ada opsi buat ganti sandi/lupa sandi, biasalah aplikasi pemerintah maksa"
Fayshol Muh,1,2025-07-23 00:51:58,"pertama login udah gak bisa!, ni sistemnya gimana kok login aja gak bisa... aneh bet dah ni aplikasi"
Just Nothing,1,2025-07-10 02:49:17,aplikasi peko
I Ron man Kwd End Usdt,5,2025-06-29 12:28:51,pas banget
Triadi Septian,1,2025-06-13 15:18:44,"gabisa login, error terus"
Albert Enstein,1,2025-06-13 12:16:47,"anggaran mahal"" cmn buat sampah"
DEDE DERRYANTO,5,2025-06-10 16:20:15,Alhamdulillah
Adi Saputro,1,2025-06-10 07:36:42,"Berapa kali ngisi form EFIN sampe ada info suruh cek email, nyatanya ga ada email EFIN yang masuk sampai berkali2 dicoba"
Irfan Saifullah,1,2025-06-05 05:01:44,gabisa login pake nik. pdhal skrng no npwp itu nik
Mega,1,2025-05-29 01:16:46,"I just clicked install button and my phone suddenly restarted by itself. Then after it's finished, I left my phone just for few minutes, I checked it just to see that my phone's restarted again. Never happen like this before. Better you fix the problem first"
insan nugroho,1,2025-05-27 21:57:29,"Min loginny error trs....gk bisa masuk...request verifikasi, tapi setelah dimasukkan kode verifikasinya muncul notif sesi anda telah berakhir mulu, pdhal hampir tdk ada jeda masukkan kode verifikasi. Tolong diperbaiki jgn smpai menyulitkan wajib pajak. Wajib pajak sdh berniat baik melaksanakan kewajibanny jangan dipersulit systemnya. Jangan sampai ada anggapan badan milik pemerintah pelayanannya slalu gk bermutu & dibawah swasta krn untung/rugi tetap aja gajian. Tks"
Jupleee,1,2025-05-24 15:08:52,too many bug
Anne Kerr,1,2025-05-23 14:44:41,aplikasi ini digunakan untuk oknum dengan alasan sinkronisasi yang berujung dengan permintaan biaya transfer 10ribu ongkos materai yg berujung peretasan aplikasi wonder BNI yg menyebabkan terkurasnya dana di rekening bank. apakah ini aplikasi resmi?
Hendra Property,1,2025-05-09 00:10:09,aplikasi busuk
A Dreamer,5,2025-05-07 05:36:55,Integrity is number one.
Silvi Sabrina,1,2025-05-02 06:10:23,"Barusan update tapi berulang kali ngga bisa login. Muncul keterangan error, sesi berakhir, login ulang. Sudah berulang kali masih ngga bisa juga."
Abdulistic,1,2025-04-30 17:25:35,ga guna
KM Noel,1,2025-04-29 22:50:14,"HAHAHAH Jelek banget njir, berapa dananya"
REL,1,2025-04-28 13:56:29,terimakasih
naura nadine,1,2025-04-28 13:17:33,buruk
Errik Widyandoko,1,2025-04-24 15:12:45,Login error terus hadeh
Darell Tj,1,2025-04-23 03:05:45,"ngabisin anggaran aja, mau verifikasi lewat no HP tidak bs. lewat web jg tidak terima SMSnya."
Xiao,1,2025-04-22 12:27:11,abis update malah gabisa log in
Sriwijaya Ang,1,2025-04-21 11:23:24,"Sudah daftar pengguna baru. sampai ke tahap kode verifikasi. Sudah cek di email, spam dll tapi gada satupun kode masuk. Klik kirim ulang kode berkaliÂ² juga tetap aja gada email atau spam masuk. Hadeh, gimana rakyat mau taat bayar pajak, kalo aplikasinya kayak gini."
Aziz le Feuvre,1,2025-04-16 07:51:54,aplikasi kucluk
Winda Nurmalita,1,2025-04-16 06:15:55,"aplikasi tolol, ga bisa forgot password buat ganti password. mau lapor pajak butuh efin, harus dateng ke kantor terdekat. ribet. kenapa ribet bgt lu pajak. benerin dulu sistemnya kalo mau masyarakat tertib lapor pajak."
Kun Alafa,1,2025-04-12 22:18:53,susahnya masuk aja ribet
Ridwan Gunawan,1,2025-04-11 05:07:39,"lupa eFin, dwld app ini, isi isi data, foto selfie, daaannn...spt biasa hasilnya error (terdapat kesalahan pd sistem kami blablabla)... ampun deh, knp sih semua hal yg mau di-online-kan di konoha ini selalu berujung sia2?!"
Lilly Kelly,1,2025-04-11 03:30:18,"parah sih, mo sign up ga bisa, cum suru login, ga ada pilihan sign up, koq pemerintah pny app, tapi kaya app asal...ğŸ˜¢ğŸ˜¢ tlg dong dibenahi, kita bayar pajak buanyaakkk tiap bulan buat apa?? kalau app nya yg simpel aja ga bisa?"
Fajar Prasetya,1,2025-04-10 14:14:30,Lapor pajak untuk pegawai yang gajinya otomatis dipotong oleh perusahaan tempat bekerja adalah aktivitas paling useless yang pernah ada
VANZ24,1,2025-04-10 08:58:21,"Tolong dong aplikasinya di update. saya mau cek EFIN tapi di aplikasinya jumlah digit ga sesuai dengan data terbaru, jadi tidak bisa diproses. Segera diperbaharui juga aplikasinya"
Andre Marbun,1,2025-04-08 09:50:46,"itu apaan coba, pada error pas lihat versi web di mobile, font size nya juga bikin mata sakit. via web juga, mau cek npwp malah hanya ada field captcha, dan npwp yg mau di cek jg ga ada fieldnya. sama sekali ga membantu."
Akun Penjelajah,1,2025-04-07 04:57:08,Dana gede tapi bikin aplikasi yg optimal aja susah. tiap login dari hp gagal terus
Miftahul Rezki,1,2025-04-07 03:32:51,tidak bisa digunakan
L Lawliet,1,2025-04-01 05:27:36,"aplikasiya jelek, tidak beefungsi"
Christina Prameswari,1,2025-03-30 13:26:19,gak bisa login
craftyparty indonesia,1,2025-03-29 14:13:44,Sampah bener aplikasinya. Ga ada berkelas sama sekali. Mau lapor SPT menunya ga ada. Susah bener
Gan An,5,2025-03-28 10:05:24,good
Juliott Berguson,1,2025-03-28 01:58:08,tidak berguna
Ninis Lestiarini,1,2025-03-27 22:55:43,â˜ ï¸
Giovanni Calvin (Gio),1,2025-03-27 08:31:39,minta kode ga masuk masuk
jungkat junkyu,5,2025-03-27 02:36:02,"Aplikasinya sangat membantu untuk mendapatkan efin, tidak sampai 5 menit prosesnya sudah selesai"
Stevano Putra,1,2025-03-26 21:29:28,"Kembaliannya ambil aja, ga ada bintang 0 soalnya"
Verina Dyah Kania,1,2025-03-26 13:56:03,musingin
Calvin Firlansyah,1,2025-03-26 06:26:39,"Typical Indonesian Government's app. Poor Ul, poor usability, all the development money is wasted."
Yuni Amelia Susanti,1,2025-03-26 04:45:40,"aplikasi ga berguna. belum juga 1 detik login, langsung sesi berakhir katanya. gimana mau lapor pajak coba??"
MIMI HITAM,1,2025-03-26 04:14:41,tidak bisa lapor spt tahunan . .di buka semua 1 1 gak ada pilihan lapor spt tahunan
Unkle â€œunKl386â€ Kuma,5,2025-03-25 07:16:08,mempermudah wp lupa efin
Nilgawati (Nilgawati),1,2025-03-25 06:38:30,bad sistem verification
fino musoleh,1,2025-03-25 05:05:09,"applikasi ini sangat tidak berguna, mau ganti password aja susah bgt dan gagal terus padahal npwp dan efin sudah sesuai ğŸ‘ğŸ‘ğŸ‘"
Vixtorius Gautama,1,2025-03-25 02:46:07,"Kita kerja dipalakin pajak Beli kendaraan dipalakin pajak Beli rumah dipalakin pajak Makan dipalakin pajak Beli barang dipalakin pajak Ngurus pajak harus antri, logika terbalik, dia yg minta dia yg ngerepotin hadehh"
Angga Darmawan,1,2025-03-24 08:27:38,"lupa efin, tapi setelah nyoba minta dikirim efin by email. gk masukÂ², cuman dpt OTP buat ngirim request efin doang"
Ligar Lugina,1,2025-03-24 05:52:53,"semua platform review nya jelek dan memang benar ğŸ‘, masalah yg sama di alami oleh saya. ini developer nya liat review gak sih ? semoga google dan Appstore kasi teguran buat Apps ini supaya segera di perbaiki. kalau tidak bisa bikin apps yg proper, lebih baik tidak usah mewajibkan rakyat untuk melapor pajak ğŸ‘"
Clarissa Theophilia,1,2025-03-24 05:16:04,"coba login berkali kali ga bisa, selalu error padahal di website bisa login, mohon bisa segera di perbaiki"
Tri B,1,2025-03-24 04:50:37,ga bisa login. di web gada masalah
Dimas Darmono,1,2025-03-24 02:36:51,MAU KASIH THR KE PEMERINTAH AJA MASIH AJA DIPERSULIT APLIKASI SAMPAH
Mr. Scofield,1,2025-03-24 01:59:25,Login aja ga bisa loh. Gimana mau dipake app nya
nanana,1,2025-03-23 17:08:02,"Nomor NPWP ada 12 digit tapi cuma bisa ngisi kolomnya maksimal 11 digit untuk EFIN. Ini gimana sih yang buat, digaji pake duit rakyat kok kerjanya ga bener, infrastrukturnya kok ngaco kaya gini. Ga ada trial dulu kah sebelum dirilis aplikasinya???? mengecewakan! bisanya cuma makanin uang rakyat tapi tidak bisa bekerja! tidak ada harga dirinya."
Mohammad Ichsanudin Malik,1,2025-03-22 08:11:52,sampah
messa pristiany,1,2025-03-21 22:01:46,diharuskan bayar pajak. ok. diharuskan lapor pajak juga Ok. tp minimal bisa kasih kemudahan utk dpt informasi & utk melakukan prosedur nya & troubleshooting. ada aplikasi tp sama sekali tidak membantu..
Nabyla Diningrum,1,2025-03-20 18:54:06,hebat...
Edwin Kurniadi,5,2025-03-20 03:41:42,Everything is OK.
Siti Maghfiroh,1,2025-03-18 13:35:47,"Rumit banget sih, buat app yang easy to use dong"
Agung Septian Pratama P.,1,2025-03-18 02:52:14,"Tolong dong pengiriman kode EFIN jangan cuma bisa dikirim ke email, tapi bisa dikirim ke no hp juga"
Esa Agung Pratama,1,2025-03-17 21:55:54,"No NPWP sekarang 16 digit (Sama dengan NIK), sedangkan mau bikin EFIN No NPWP cuman 15 digit. Ini bagaimana mau sinkron?"
Jevri,1,2025-03-17 06:06:39,"g jelas ni apk, verifikasi aja susah. padahal data udah bener. blok"
Draconoz,1,2025-03-16 09:02:41,Jelek sangat merepotkan
Jayson Shin,1,2025-03-16 00:12:16,gaje
Keira,1,2025-03-15 12:15:09,Aplikasi ga guna. Error terus padahal input udah bener.
Firas MA,1,2025-03-14 23:11:59,Hah pajak?
cheetah wahyu,1,2025-03-14 10:17:20,Tidak terlalu berguna. Lebih di perkaya lagi fitur ya agar tidak perlu masuk ke DJP online lagi. Lebih baik di integrasikan saja dengan DJP online untuk mempermudah dalam pelaporan pajak juga Download Instal Login Log out Uninstal
Dubertho christnoval,1,2025-03-14 07:33:19,"Jadi aplikasi ini dikebangkan dengan uang yg kita kasi, tapi terlihata tidak ada perkembangan, baru mau bayar"
F Bain,2,2025-03-14 04:49:36,"Journey digital nya tdk bagus tdk ada tanda konfirmasi di email, DJP gak paham bikin aplikasi .. minta ganti EFIN gak ada konfirmasi apa2, pdhal sdh pakai OTP sms."
Alifvian Marco,1,2025-03-12 08:05:30,Gabisa dipakai
Felix Natanael,1,2025-03-12 07:26:04,"Aplikasi tholol, tipikal buatan pemerintah."
Barkah Akbar,1,2025-03-12 04:29:07,What is this ? suck UI and everything is useless.
Ilham Farabi,1,2025-03-12 03:24:22,live chat error
dk smile,1,2025-03-12 02:33:25,"gk jelas, mau bayar pajak aja ribet gk bisa2, website nya juga tidak jelas, login dipersulit, minta kode verifikasi gk ada yg bisa"
Gilang Prawira Sumantri,1,2025-03-11 10:45:49,"Saya pikir bisa lapor SPT pakai aplikasi ini, ternyata tidak bisa, tetap harus lewat web. Aplikasi ini kurang ada fungsionalnya. Sekelas Dirjen pajak lho. Lebih baik diuninstal, cuma ngabisin anggaran dan memory hape wkwkwk"
Haunted House,1,2025-03-11 07:11:57,Aplikasi sangat buruk Permintaan kode OTP sangat lambat. Sepertinya alokasi dana pengembangan aplikasi pun dikorupsi oleh DJP. Heran...
Ojan,1,2025-03-10 04:19:35,"Kita yg bayar pajak kok kita yg laporan, harusnya dirjen pajak yang laporan ke rakyat buat apa uang pajak ajg"
Timothy,1,2025-03-09 05:58:26,"Aplikasi jelek, bayar pajak aja tiap bulan puluhan juta, aplikasinya kaya buatan sd."
asaf,1,2025-03-09 00:23:52,completely trash.
Andrian Rachmat,1,2025-03-08 12:42:49,"Email tdk dibalas, live chat bug, batas waktu kode verifikasi utk lupa efin 10mnt tpi baru masuk email 30mnt sampai 1 jam kemudian ğŸ—¿ğŸ—¿"
Satria 77,1,2025-03-07 04:04:57,"Sekelas pemerintahan kok aplikasi ky gini, cari konsultan yg mumpuni lah ,,masa cm kaya gini tok, ga guna"
M Fais Amrulloh,1,2025-03-06 07:40:40,aplikasi sampah
Kompalompa waw,1,2025-03-06 04:17:09,"kode verif tidak berlaku setelah 10 menit,tapi codenya g sampe sampe...."
irfan,1,2025-03-06 02:01:48,useless app
Ichsan Swandi,1,2025-03-06 01:19:02,Useless app
munawar rusman,1,2025-03-05 08:41:45,aplikasi kentang
Irfan Dani Syahputra,1,2025-03-05 07:39:32,Lama kali verif email
ë°”ìš”Bayo,1,2025-03-05 06:41:54,APLIKASI GA GUNA
Nuri Selamet,1,2025-03-05 03:48:21,Waktu saya banyak terbuang hanya untuk mencoba masuk aplikasi. Coba diperbaiki.
hacahyani,1,2025-03-05 03:29:30,Login minta kode OTP yg berlaku cuma 2 jam. Baru dikirimnya 5 jam kemudian. Kocak lu.
Kevin Aldava,1,2025-03-05 03:10:05,"koe nyuruh bayar pajak tapi bikin apk pajak aja ga becus anjir,, login aja susah betul"
Fayde Real,1,2025-03-05 00:06:52,Aplikasi lemot
AKA ROMERO,3,2025-03-04 17:22:24,Pengitiman OTP lama. Sampai batas waktu kode habis. Bisa berjam-jam
Bakpao Daging,1,2025-03-04 16:33:53,aplikasi bodat! apa sama biayanya dgn aplikasi coretax juga?! gk ada beresnya..berulang kali minta tolen masuk ke email lama sekali. itupun sesudah email dapat tokenmya INVALID! uji kesabaran kali memang mencoba apps djp ini. webnya juga sama parahnya! minta tolen menunggu email lamaaaaa.
Puswita C.,1,2025-03-04 14:23:18,"Lupa efin, terus ktnya bakal dikirim email utk kode verif. Nyatanya engga ada samsek. App nya jelek. Masa app pemerintah gini"
Nicholas Lindartono,1,2025-03-04 11:38:19,Email nya ngga masuk2
Anti pelakor,1,2025-03-04 11:02:09,"Kocak ga bisa login, error terus baru update padahal."
Bagus Malik,1,2025-03-04 09:57:04,Mau log in harus masukin kode verivikasi. Kode verifikasi malah baru dikirim besoknya. Jadinya gak bisa log in terus. Aplikasi macam apa ini..
Akbar R,1,2025-03-04 05:25:44,Salah satu dari beberapa aplikasi yang bikin malu indonesia
Juhn Liem,1,2025-03-04 04:00:28,"Aplikasi yang lama notifnya sudah usang, install aplikasi yang baru, buset verifikasi katanya sudah dikirim ke email, setelah saya cek email, gak ada email dari djp alamakk"
Gerdamion Setiadi,1,2025-03-04 03:45:02,"Disuruh buruÂ² lapor pajak mepet disalahin usernya padahal servernya yg busuk banget, coretax apalagi lebih busuk diantara yang sangat busuk ( malah usernya suruh belajar coding )"
Irfan Agus Tiawan,1,2025-03-04 03:17:38,mau ngasih uang ke pemerintah aja diribetin
Gilbert Outner Gunawan,1,2025-03-04 02:54:17,"Kode verifikasi lu kirimnya lama, gua mau lapor pajak jadi susah"
Muhammad Felmi A,1,2025-03-04 02:26:39,"Aplikasi yang sangat payah, rakyat diharuskan bayar pajak tetapi mau lapor pajak aja dipersulit dengan aplikasi yang belum siap pakai. Kalo emang belum siap, gausah dulu pake aplikasi aplikasi lah, pelajari dulu cara buat aplikasi yang benar, pelajari cara upscale server dengan baik. Kalo kek gini yg susah kan kita juga. Hadeh payah memang aplikasi buatan pemerintah, bukan nya memudahkan malah menyulitkan."
Sofyan Sauri,1,2025-03-04 02:20:34,Tidak berguna
sablon kaos klaten,2,2025-03-04 00:37:39,"Kode verifikasi sangat lama..giliran dpt kode refresh page ulang dari awal..kode verifikasi minta baru, lama juga.serius ga ini applikasinya?????"
Jaka Satria,1,2025-03-03 21:54:48,"Aneh, kalau dari web cortax djp bisa login tapo di aplikasi ditolak terus, padahal user dan password sudah benar. Anehnya juga no NPWP/NIK yanh diinput hanya sebatas 15 digit ğŸ¥´"
Chandra Gunawan,1,2025-03-03 15:29:55,useless app
himalaya himalaya,1,2025-03-03 15:14:14,tdk bisa dpake
Sandy Buana,1,2025-03-03 11:59:28,"Normalnya aplikasi diciptakan untuk mempermudah, tapi ini malah sebaliknya"
G LV,1,2025-03-03 10:05:20,"Masuk djb, m pajak Semakin susah mengirim kode verifikasi sampai berjam jam, smpai exspired."
Vincent DJH,1,2025-03-03 09:52:30,"Gak bisa dipakai, semua lemot, OTP gak bisa, error semua gak jelas"
Takaful Akbar,1,2025-03-03 05:53:21,"Tipikal, kode verivikasi ga di kirim-kirim"
Kevin Ocnald Ridwan,1,2025-03-03 04:04:01,Kode Verifikasi ga sampai sampai
We yers,1,2025-03-02 03:22:09,"Entah apa gunanya aplikasi ini dibuat, engga bisa dipakai juga"
CaptainPure,1,2025-03-01 21:14:56,"Parah email tiba2 berubah ada ""+1"" tiap login gagal giliran berhasil menu lapor tidak tersedia"
Arif Himawan,1,2025-03-01 05:09:04,"Kode verifikasinya lama banget. Sekali keluar, dimasukkan salah. Padahal sudah kroscek kode bawahnya sama."
nizar novandra,1,2025-03-01 04:22:54,"Meminta verifikasi lewat email batas waktu 2jam, sedangkan aplikasi kirim kode lebih dari 2jam. Tol!!"
Alfian Aldi,1,2025-03-01 02:45:33,"Verifikasi email udah nunggu 7 jam lebih, pas muncul malah GAGAL MULUUU"
Sandy Fernandy,1,2025-02-28 04:16:21,Semua situs pemerintahan sulit diakses untuk warganya sendiri. Tapi mudah dibobol orang luar.. Pelayanan gak jelas
Kaleb Nugraha Riva,1,2025-02-28 01:47:32,Tidak bisa masuk: OTP yang dikirimkan selalu terlambat. Harus menunggu 2 jam untuk menerima OTP.
Arteta,1,2025-02-28 01:19:56,"Easy? Expert banget bahkan untuk login saja notif email tertunda sangat lama, waktu habis ganti kode lagi, lama lagi, berulang kali,"
Azul Design,1,2025-02-28 01:04:24,"jelek. aplikasi dan web jelek. sulit log in. verifikasi gagal terus. padahal kode udah bener. 2 hari nyoba log in ga bisa2. tolong diperbaiki. org males lapor dan bayar pajak, jngan ditambah aplikasi sama webnya jelek. makin males lapor dan bayar pajak!"
Endyana Mahendra,1,2025-02-27 23:16:22,Gabisa login padahal akun udah activated. Nunggu kode verifikasi ke email dan sms berjam2 ga masuk. Pas masuk udah expired. Niat bikin sistem online ga sih?
Heri Sasmita,1,2025-02-27 15:15:57,mmg tak berguna bodoh betul aplikasi ini. buat frustasi aja
Aisha Astriecia,1,2025-02-27 13:35:07,"Tampilan emang bagus..cm aplikasinya lemot, verivikasi email lamanya di luar nalar"
SaefulMalik,1,2025-02-27 13:01:19,"Verifikasi nya kaga dikirim2, orang mau bayar pajak aja dipersulit, giliran udah bayar eh di koru..."
Azola Hikman,1,2025-02-27 09:21:17,"Email verifikasi lama, minta sekarang dikirim 3 jam kemudian, aktifnya padahal cuma 2 jam, makanya pajak dipake buat kelancaran sistem ini, bukan dikorupsi"
Kadek Wahyu,1,2025-02-27 07:09:21,Saat pendaftaran kode OTP nya tidak masuk sama sekali
Ajie Prasetio,1,2025-02-27 05:25:35,aplikasi jelek login aja ga bisa
Rendi Christianto,1,2025-02-27 03:51:58,"OTP so late that when it is received, the code is expired. Hillarious"
Valencia Stephania (Valencia_SH),1,2025-02-27 02:07:56,"Mau login menunggu OTP untuk verifikasi, baru masuk keesokan harinya. Lalu pas mau login lagi, diminta OTP baru, masuk besok lagi.. dst (looping). Intinya gak pernah berhasil Login. Tolong diperbaikilah, kl alasan lg susah akses jutaan orang login bla bla bla, ya pikirkan dong caranya untuk bisa mengatasi ini, kendala tiap tahun lho.. jangan salahkan jaringan jg, internet kenceng."
Ade R Laksamana,1,2025-02-26 12:52:29,Mau verifikasi efin udah ngisi fomulir dll ga dapet otp lewat email. Gimana cerita
risyaf mulyana,1,2025-02-26 10:14:21,OTP OTP AMPAS
Yeris Aryatna,1,2025-02-26 05:40:02,Aplikasi yang lama bisa lapor SPT.. skrg kok ga ada lagi yaa
Dan W.,1,2025-02-25 09:42:04,"Typical Indonesian Government's app. Poor UI, poor usability, all the development money is wasted."
RCKWN,1,2025-02-25 07:25:34,Otp bermasalah
Alice Octav,1,2025-02-25 06:49:43,Very useless app
Tony Anggadha,1,2025-02-25 04:24:06,"kode verifikasi terlambat 30 menit lebih, sehingga saat akan login ulang kode verifikasi sudah tidak berlalu. Ayolah, lebih real time. Kami yang bayar, kami yang lapor, kami yang ribet, kami terlambat, kami kena denda. Situ terlambat, mau kena sikat?"
dizzy txt,1,2025-02-25 04:13:56,App sampah
Random Wildlife,1,2025-02-25 03:01:29,"sampaahh, kebanyakan verifikasi, mana email verifikasinya masuknya lama bgt, keburu abis limit waktunya, ampas bgt,"
dhenny _M,1,2025-02-25 02:40:30,"Kode verifikasi LUAAMAAAAAAA ga muncul2 di email, cek spam, sampah, kotakmasuk, gk ada smua. Dulu log in tgl log in, ga pake verifikasi2 sgl ttek bengek. Ini gimana ini, menyusahkan skali"
maman knight,1,2025-02-25 02:01:47,Lemottttttttttt
Eko Whianto,1,2025-02-24 11:50:22,Alwais error 404
Yoppy Taufik Rachmansyah,5,2025-02-24 11:12:35,"Kode verifikasi dikirim sangat lama, ketika masuk kode nya ke email tidak bisa login karena kode verifikasi sudah hangus"
Safira Aulia Rahma,1,2025-02-24 10:01:59,"Apliasi jelek bgt, nunggu otp aja bertahun tahun, mau bayar pajak dipersulit, giliran gak bayar pajak dipersulit"
Aziz Hasan Nurrahman Alqowi,1,2025-02-24 07:04:29,OTP to login is too hard to get
Muh. Rahmat Kadir,1,2025-02-24 06:46:27,"Minta kode verifikasi lewat email, tapi email nya ga masuk2, di website juga sama, perbaikin min, gini amat mau lapor pajak"
Yahan Febriyanto,1,2025-02-24 04:21:03,OTP too slow
Zamzam Zamroni A,1,2025-02-24 04:02:29,"Kenapa setiap mau login, kode verifikasi lewat email nya lama banget. Trus setelah masuk, kita mau masukin nomer verifikasi nya, Eh malah ngerestart aplikasi nya. Padahal cuman selisih 5 menitan, harusnya standby lah. Malah disuruh login lagi. Ya jd gabisa dong nomer verifikasi itu dimasukin. Krn pas nge restart, dia otomatis ngirim nomer verifikasi ke 2 yang beda lagi. Terus aja begitu sampe 4x. Tolong benerin aplikasi nya dong. Orang mau bayar pajak aja dipersulit. Pantes rating nya blegedes."
Muh Aziz,1,2025-02-19 08:22:23,"Aplikasi aneh, email gua belakangnya ""ro"" kok ini aplikasi kirim kode ke email yang belakangnya ""L"". Gw cari2 di email terbaru/spam ngga ada padahal gw login via pc bisa."
Mr. Stark,5,2025-02-19 05:34:53,"Saya kira susah request EFIN seperti aplikasi lainnya, ternyata mudah. Good job ğŸ‘"
Trump,1,2025-02-19 03:42:37,cek lagi UI/UX di efin kaga bisa di scroll. pada kerja gabut semua ini orang2
Elbas Ep,1,2025-02-19 00:36:18,"apps ini tidak berguna sih, endingnya tetep ke kantor pajak. ui nya sih oke, tp ux nya kureng. belum lagi login nya susah. hapus aja kali dari playstore."
Pendy Prasetyo,1,2025-02-18 09:09:24,"Just a rubish app from dirjen pajak, useless for anything related to tax. Wasted of citizen money."
Sulthan Athallah,1,2025-02-17 10:12:50,anggaran besar aplikasi tidak sesuai
Arfendo Thomas,1,2025-02-15 02:46:52,This app is Bugging
Fajar Nataprawira,2,2025-02-14 03:40:50,Di tunggu coretax korupsi nya
Muhammad Hidayat,1,2025-02-13 08:46:55,Gak bisa buat EFIN pakai NIK karena hanya bisa input 15 digit saja. Di web pun gak bisa login karena hal itu. Aneh
Iqbal Aldino,1,2025-02-12 09:14:29,Busuk
DON GAMES,1,2025-02-12 03:13:19,Aplikasi buatan anak bangsa ğŸ¤®
Herry,1,2025-02-07 06:08:09,"Error terus, gak berguna. Email terdaftar email pribadi gmail petugas pajaknya. ğŸ‘ğŸ»"
Mahmuda ID,1,2025-02-06 02:00:48,"Kalau ada yang LEBIH RUMIT kenapa harus pilih yang GAMPANG..??? inilah Indonesia-Ku negeri yang beragam macam keunikan, kekayaan dan terutama KERUMITAN..!!"
Hans Rinaldi,1,2025-02-05 23:51:36,"Kirim kode verifikasi via email atau SMS, tapi gk ada tombol next nya , aplikasi buat ngabisin anggaran aja ini"
Rahmat Hidayat,1,2025-02-05 12:28:59,Aplikasinya gak lengkap. Bagi pemula yang baru mau buat akun gak ada tersedia menunya. Ada link alamatnya ereg.pajak.go.id gak bisa dibuka hanya loading saja.
Robby Wiyono,1,2025-02-04 10:10:08,"Aplikasi beban. Lambat. Kode verifikasi saja lama. Minta duit ke rakyat, proses menyusahkan."
Kezia Putri,1,2025-02-04 04:03:08,Banyak banget eror nya. Ga ada kolom lupa password. Minta EFIN gagal terus. Dikira download bisa lebih gampang malah tambah susah
And res,1,2025-02-03 17:30:33,Pake apbn triliun-an kualitas kek gaada bayaran
Ihza Ahmad,1,2025-02-03 09:11:59,Semua akses lemot
Imam Syaifulloh,1,2025-02-02 19:56:30,"Ini hasilnya aplikasi yang katanya 1.3T??? Bug nya ampunnn deh, modalnya buat bayar Developer Aplikasi atau Developer Bangunan?!!! Saya sarankan anakÂ² IT nya resign aja, daripada ikut diperiksa KPK!"
Aditya Prabowo,1,2025-01-31 08:12:52,"Aplikasi tolol , lambat , gabisa login"
SuperJerry,1,2025-01-31 07:09:01,"aplikasi selalu crash saat ingin dibuka, server pake pc 2001 ya?"
Arthuria,1,2025-01-30 14:48:52,proyek ladang cuan rame-rame
Ryan Ervandi,1,2025-01-30 08:19:50,mana OTP nya kirim lewat email gak masuk-masukğŸ¥²ğŸ§ğŸ« 
Dang Tardok,1,2025-01-30 07:12:30,"""Beli mobil tapi belum bikin garasi"""
Tezza Hasan,1,2025-01-30 05:49:42,Ngapain ada aplikasi tapi buat layanan lainnya pada gabisa mah. Tolong lah dipake otaknya. Kalian kalian udah dibayar pake duit negara becus juga engga goblog banget
Richardo F. Farrelo,1,2025-01-30 05:40:55,Lemotttt
Agus ziad,4,2025-01-30 04:21:53,Baik
daniel apaaja,1,2025-01-29 15:47:42,Sangat buruk sekali
abimono abimono,1,2025-01-29 06:12:41,Mau login ga bisa lagi. Kode verifikasi gak pernah muncul. Udah gitu kenapa data no hp dan e-mail berubah sendiri?
Aris Swordheart,1,2025-01-27 06:45:17,"Tidak responsif UI, tombol kirim kode auth ke sms atau email saat membuat efin tidak muncul"
Nur Salim,4,2025-01-26 13:23:55,Serius ini problem di OTP doang soal code ngga ada deskripsi oke lah tapi ni otp ngga masuk gimana harus ganti nomor lagi?? Lama lama jadi counter ni rumah
iban rama,1,2025-01-25 06:21:38,mau forgot efin aja verifikasi otp gak terkirim di email.
joko dwiyatno,1,2025-01-24 13:19:51,Sumpah ini aplikasi ga manfaat banget
bayu Nirwana,1,2025-01-22 09:58:36,Aplikasi ga jelas mau login susah amat
Wong Jowo,1,2025-01-21 10:12:44,"emailmu dibenahin dong, sekelas pemerintah kok kek gini??? aku kirim pengajuan EFIN lewat email, eh nggak dikirim-kirim. Harganya berapa sih pak bayar developernya? Aplikasi pemerintah kok sekelas ini??? Udah siap untuk onlen atau belum pak??? Balesin dong riviw2 penggunamu, bikin doang tapi gak tanggung jawab"
Dhaniar Yuniarso,1,2025-01-20 12:41:52,Aplikasi buat apa ya ini? Lapor SPT tahunan pun gabisa
Barry Kurt,1,2025-01-20 10:09:19,Not working KEMENKU!! DJP bisa login.. giliran ke coretax.. nggk bisa
Suhadi Ahs,1,2025-01-18 10:05:35,Buat apa aplikasi ini? Nggak ada yang bisa dilakukan.
Alkautsar Gilang,1,2025-01-18 06:12:06,"bayar orang IT yang bener dulu, biar pas bikin akun online ga banyak trouble."
Herry,2,2025-01-18 04:03:42,3dkkrikosong delapan satu enam satu sembilan sembilan sembilan dua delapujjan daerah se : GR-RD196CC-DM4F[37] Pemakaian y ada 1 tahun Kondisi masih sangat baik Silakan hubungi nomor dibawah jika ada pertanyaan via WA kosong delapan satu enam satu sembilan sembilan sembilan dua delapan empatTipe : GR-RD196CC-DMF[37] Pemakaian belom ada 1 tahun Kondisi masih sangat baik Silakan hubungi nomor dibawah jika ada pertanyaan via WA kosong delapan satu enam satu sembilan sembilan sembilan dua delapan
Syaiful Nugroho,1,2025-01-17 22:32:57,Kode verifikasi untuk login tidak terkirim. Baik di aplikasi maupun di web nya. Please improve dong
A. Chrisdian Ranggi,1,2025-01-16 10:06:34,Sampah. Buat dapat EFIN aja gagal terus
Michael Hardinata,1,2025-01-15 10:46:42,Phising apps my mbanking are compromize
anindyapa,1,2025-01-14 22:53:29,"Udah beberapa hari error. Awalnya profil gabisa dibuka, lalu menu otp juga sampe skrg gabisa dibuka. Marai mumet tok! Busuk!"
Yassir Hasbi,1,2025-01-14 05:16:20,Gak bisa daftar
Richard Santoso,1,2025-01-13 07:00:58,"Aplikasi tidak berguna, buang buang anggaran saja"
tasya kumala,1,2025-01-13 06:10:21,"Gak bisa verifikasi detail kontak, kode otp ga di kirim kirim ke Email maupun nomer ponsel padahal udan minta di kirim ulang utk kode otp nya tapi zonk. Udah Dateng ke kantor pajak nya pun masih tetep, ga bisa di benerin. Minimal kalo mau ada update software di mantepin dlu lah, jangan memaksakan untuk pindah software dulu kalo Emg masih Beta version"
Bag Us,1,2025-01-13 05:41:24,"Pemerintah tolol kalau buat program,"
Dwarawati,1,2025-01-12 11:53:48,ğŸ‘ğŸ‘ğŸ‘
dr. Chandra Manapa,1,2025-01-11 13:42:03,"Hang, fitur aneh, ngisi data ga bisa."
Arief setiawan marsis,4,2025-01-10 03:31:55,"Di versi yang baru, muncul error ""Masa dan Tahun Pajak yang dipilih melebihi maksimum batas ketentuan Masa dan Tahun Pajak. (ERR:400)"" Tolong diperbaiki aplikasinya. Sangat mengganggu untuk melakukan pembuatan kode billing."
Agista Astariny,1,2025-01-10 03:02:49,Tidak bisa login. Sangat tidak membantu.
Sekarayu Nuringtyas,1,2025-01-09 23:32:43,"Aplikasi yg sama sekali ga membantu user. Live chat gagal terus, permohonan EFIN gagal terus. Entah kenapa aplikasi buatan pemerintah yg katanya memudahkan, nyatanya zonk. Niatnya mau bayar SPT aja ribet bgt"
Anang Dwi Prasetyo,1,2025-01-09 12:01:48,Sangat tidak stabil
Vincentius G,1,2025-01-09 08:23:04,"Aplikasi belum mateng udah di realease. Nyusahin orang. Serius, pajak kan narik duit triliunan. Masa ngga bisa bikin aplikasi yang sekelas dengan bank. Rekrut IT bank BCA atau gimana kek. Biar bagus aplikasinya kayak mereka."
Jermias Darondo,1,2025-01-09 05:19:32,Proyek perubahan yg tidak diupdate
arie apriansyah,1,2025-01-09 04:31:39,KALAU SERVER MASIH BELUM MUMPUNI JANGAN SOK SOK AN MASUKIN OTENTIKASI DI APLIKASI INI. MENYUSAHKAN... ğŸ‘ğŸ‘ğŸ‘ğŸ‘ğŸ‘ğŸ‘ğŸ‘
Adhitirta,1,2025-01-09 02:38:19,Kocak minta otp pas diinput dibilang kode salah. Aplikasi pemerintah mana ada yg beres. Yg bikin gw yakin org tolol lulusan univ rendahan semua.
Niko Kurniawan,1,2025-01-09 01:45:59,"biaya buat aplikasi ini berapa Miliar ya? kualitasnya BUSUK, aplikasi pemerintah apapun itu gada yg bener."
Red Chaos,1,2025-01-08 15:00:22,Aplikasi ampas gak situs gak aplikasi semua nanggung
Hopeless,1,2025-01-07 06:42:07,"Aplikasi ga jelas, orang pengen simple malah jadi ribet"
Ipung Spa,1,2025-01-06 04:33:13,Uselessness...
Iqbal Asseyka,1,2025-01-04 10:06:08,Kocak menu efin ilang. Benerin lah masa aneh2 aja menu efin diilangin tiba2. Padahal berguna bgt
Indra Susatyo,1,2025-01-03 13:51:05,Aplikasi phising ini. Penipuan. Jangan didonlot
Richard Tandy Japutra,1,2025-01-03 08:24:39,Kode verifblnya napa iniii salah terus
Re. iro,2,2025-01-03 07:43:35,"ini di kantor , saya harus pegang beberapa npwp cabang. aplikasi ini hanya bisa 1 npwp. tolong di bikin bisa di clone lah. ya kale saya harus beli 1 hp untuk 1 npwp."
adel aten,3,2025-01-03 04:01:25,"Stuck Di ""Selanjutnya"""
Rizqi Sani,1,2025-01-02 10:26:52,Tidak terlalu berguna. Cuman ada kalkulator doang
Luky Erdiand,1,2025-01-02 04:32:40,"Aplikasi jelek, ngga terintegrasi dengan baik"
Bayu Aji Wahana,1,2025-01-02 01:44:25,"Gajelas, gada menu reset sandi, lewat website ny pun lemot banget padahal sinyal/wifi juga lancar..."
Yonathan Aji,1,2025-01-01 06:41:35,Sama sekali tidak bisa login
Fakhrul Rijal,1,2025-01-01 04:57:20,aplikasi belum siap dipakai kok udah di letakkan di Play Store? berapa tagihan pajakku? harusnya sudah terlihat jumlah tagihannya pada aplikasi.
MRV Lim,1,2024-12-30 07:35:56,"Need additional verification, OTP either SMS or email but no submit button after choosing ğŸ‘ğŸ¿ğŸ‘ğŸ¿ğŸ‘ğŸ¿"
tessa rizal,1,2024-12-28 11:16:11,"Aplikasi gembel sok""an pake aplikasi,tapi sistem nya belum siap..parah endonesiah"
Ardhinia Padmarani Sabilla,1,2024-12-20 13:14:55,Tidak bisa klik verifikasi data untuk efin
Rasya Naira,1,2024-12-19 11:01:28,"Aplikasi Payah - Serasa bukan di negara Indonesia, Hampir segala sesuatu kena pajak dengan serius namun aplikasi M-PAJAK nya becanda. It's Awfull"
Saddam Styawan,1,2024-12-19 02:59:09,Uda dapet otp kog tombol verifikasi ga bisa dipencet ya?
Daniel Arya Rubis Nugraha,1,2024-12-18 04:41:39,tidak bisa verifikasi
Radhian Prayogo,1,2024-12-17 14:07:28,"Tolong ini aplikasinya dibenerin dong, masak mau disuruh masukin kode OTP tapi tombol verifikasinya ke disable terus nggak bisa diklik"
Toar Dajoh,1,2024-12-15 11:52:56,"Mau verifikasi EFIN coba kirim lewat SMS tapi gak ada SMS masuk. Sudah dicoba berkali-kali gak ada SMS masuk. Akhirnya pakai email, gak ada 5 menit email berisi kode terkirim TAPI sudah masukan kodenya, button Verifikasi EFIN gak bisa di-tap. Dicoba berkali-kali tetap gak bisa juga. Kayak gak niat bikin apps-nya ini. Liat review, udah banyak banget yg komplain hal yg sama ini. Diperhatiin gak sih? Payah.."
Rama Sinta,1,2024-12-15 00:43:09,"aplikasi Amatiran, ribetnya minta ampunnn... isi data lama"" ujungnya tombol verifikasi kagak bisa di klik. LAWAK. buat apa efin kalo ada kode otp # SEMOGA PEMERINTAH YANG BARU GAK BIKIN RIBET KAYA GINI BUAT PERPAJAKAN"
Jessica Levina,1,2024-12-14 01:39:01,"gak bisa masukin kode verifikasi, button verifikasi gak bisa ditekan padahal sudah masukin kode verifikasinya"
Sopwan Hadi,2,2024-12-09 08:29:14,"Aktivasi kode OTP tidak bisa di klik, pada permintaan efin."
Andreas Ananda,1,2024-12-09 08:07:05,"Aplikasi tidak bisa digunakan untuk verifikasi apapun, tidak membantu sama sekali"
MuFei Channel,1,2024-12-07 01:12:12,Trash. Input kode otp tapi tombol verifikasi ga nyala2. Sampai waktu tunggu habis. Dan stuck disitu. Benerin donk. Pakai QA ga sih. Yang bener donk.
Raku,1,2024-12-06 22:59:24,"banyak bug, mau masukin kode tp gak bisa konfirmasi kocak."
Eko Prasetiyo,1,2024-12-06 05:01:59,"2Fa dikirim ke email tanpa jeda waktu masa aktif. Hrs buka email di hp utk cek 2fa. Abis baca 2fa balik ke aplikasi d suru login ulang,masukin 2fa dibilang kode salah & hrs kirim ulang, buka email utk cek 2fa pas balik utk input ke mpajak expired lg kodenya & disuru kirim 2fa ulang ke email. Begitu aj trs muter2 smpe kurs pajak 1 USD=10.000 IDR"
Hary Ibrahim,2,2024-12-06 02:46:47,Payah. Mau login aja error mulu
Ilham Abdillah Alhamdi,1,2024-12-06 02:30:12,OTP Verification Sucks
Eka Irawan,1,2024-11-29 11:26:56,aplikasi kocak
Black Worth,1,2024-11-28 08:22:05,Kalo bikin aplikasi tolol gini mending gak usah di bikin. .
brian eaglehorn,1,2024-11-26 10:07:00,Aplikasi tidak resmi
K,1,2024-11-26 04:56:16,boncos amat
Jembut Kuda,1,2024-11-25 01:43:09,Email masuk link proses ke 2 buat bikin npwp nggak ada
Muhammad fajar,1,2024-11-24 15:53:33,Bad apps
Windi Muthoharoh,5,2024-11-22 07:43:49,Good
Rambo,1,2024-11-21 12:02:27,Negara paling gila sedunia. Mau bayar pajak patuh sistem terbaru aja dibuat ribet!
Azkia Ajmal Fairuz,2,2024-11-12 02:23:34,"Pas daftar dri website gagal mulu error database constraints, pas buka applikasi stuck di loading pas abis home screen, pdhl belum ngapa ngapain. Klo mau bikin applikasi yang production dan proper bisa email saya aha"
Dedy bintang,1,2024-11-08 07:54:59,mohon perbaikan untuk kalkulator pajak sepertinya ada bugs
Fita,1,2024-11-07 15:10:12,"Gabisa kepakai, Minta update mulu padahal sudah versi terbaru, gada lagi updatean di PlayStore nya. Sudah di uninstall terus install ulang, tapi tetep aja minta update. Sudah di klik pagenya cuman loading teros"
Rangga Risokta,1,2024-11-06 15:55:04,"Udah di update, aplikasinya ga bisa dibuka malah suruh update."
IdENR,1,2024-11-01 08:19:26,Sulit
lucs Tom,1,2024-10-26 07:42:58,Aplikasi jelek.. not connect terus
Reza Firmansyah,1,2024-10-25 11:23:17,"baru download, pas di main menu malah muncul notif aplikasi butuh pembaruan, lah?"
email palsu,1,2024-10-24 06:56:19,coba & rasakan kemunduran teknologinya ğŸ˜ƒğŸŒŸ
Righteous Crusade,1,2024-10-10 05:53:05,"suruh bayar pajak, tapi website kek sampah, aplikasi kek sampah, lupa pasword g bisa, daftar baru g bisa, maunya apa ni coba? kerja g niat, tp nagih pajak mulu, di chat melalui wa g pernah di balas"
adhi mabangga,2,2024-10-09 02:57:44,"Bikin akun dialihkan ke website, dan websitenya tidak stabil ketika eibuka malah error. Haruanya pembuatan akun cukup di aplikasinya"
Fajar Rochman,1,2024-10-05 22:46:32,"baru kali ini make aplikasi. user n pass gak pernah ganti, tau taunya gak bisa login. giliran mau lupa password tanya EFIN. mau lupa EFIN di proses ERROR. KITA YANG MAU LAPOR PAJAK, KITA YANG REPOT !"
Fikri Ramadhan,1,2024-10-01 05:17:33,"Fitur lupa efin ga guna, ujung-ujungnya tetep harus ke kantor karena error terus"
Kendri Malau,1,2024-09-29 01:31:40,Aplikasi jelek
Irham Alghifari,1,2024-09-27 01:31:53,"aplikasi gajelas, gabisa login"
Dian Rahmasari,1,2024-09-26 12:00:57,"User Experience nya parah banget , klik mau daftar aja susah banget"
Mas Bay,1,2024-09-26 06:24:03,"Buang buang duit negara gak sih buat aplikadi gak berguna gini. Bayar pajak capek-capek, hasilnya buat pegawai-pegawai yang gak kompeten"
Supriyadi Permana,1,2024-09-09 12:47:33,Gk bisa dibuka apknya error harus di-update padahal baru instal malah restart terus gk niat bikin apk yah
Odyssey Mirza,1,2024-09-06 12:17:59,Selalu error dan link seringkali tidak berfungsi
tri ary prasetyo,1,2024-08-28 06:35:05,"Ga bisa buat akun baru, saat diarahkan ke webpage djponline.pajak.go.id notifikasinya selalu ""this site can't be reached'"
Afdhal Djufri,1,2024-08-17 13:37:43,Terlalu lama pengiriman kode verivikasi
Reza Kurniawan,1,2024-08-15 22:56:20,"Register gak bisa aktivasi gak bisa kerjanya team pajak apa sih, uang yang kita bayar buat pajak dipake apa, bikin applikasi gini aja error mulu"
Nurul Amri,1,2024-08-13 03:05:15,"Mau reset password, malah eror terus."
Pariz Maulana Abdulloh,1,2024-08-12 13:33:43,Super jelek seperti .........
Kenan Wisaksena Hudawan,1,2024-08-12 08:31:22,"Aplikasinya payah banget. TIDAK BERGUNA! -Baru buka aplikasi, blank lama Â±3 menit (coba di 2 hp, kelas flagship beda merk, hasilnya sama). - Mencet apaÂ² responnya lama bgt. - Sering error, keluar sendiri - pengajuan lupa EFIN, kode OTP ga dikirim (udah dicoba 3x sama aja) - Gaada menu back. Mau kembali ke menu sebelumnya? Restart app wkwk - Setiap mau make, malah suruh update aplikasi. Woilah ini gaada tahap a-b-c test kah? Anggarannya berapa sih?"
Ks mora,1,2024-08-07 06:09:25,"Ga jelas error mulu, mulai login, create akun, tombol tombol ga bisa, seperti ""belum punya NPWP? "" Ga bisa di klik"
Anggita Nuraeni,1,2024-07-29 15:33:25,Mau gnti password aja susah web nya erroe trs
Wahyudi Darmawan Hardiansyah,5,2024-07-29 13:08:06,"Membantu, utamanya kl mau bayar pajak buat kode online"
Chandra Maulana,1,2024-07-29 12:56:37,Bapuk
om tito,3,2024-07-26 17:27:19,Setelah membuat kode billing kok nggak bisa tersimpan di aplikasi ini. Bagaimana solusinya ?
Y S. P.,1,2024-07-25 10:50:21,"Ga jelas, baru install tapi minta update"
Fatima,1,2024-07-24 03:40:21,Sedih gak bisa daftar online dan offline. Staff gak paham menyelesaikan masalah dengan baik.
Adrian Attha,1,2024-07-22 04:01:49,Aplikasi Gak berfungsi. Tombol tidak pada tempatnya sehingga tidak bisa melanjutkan proses registrasi efin
Zadit Taqwa,1,2024-07-19 09:36:35,"Anggaran doang besar, bikin aplikasi planga plongo"
widodo sugeng,1,2024-07-18 07:10:01,Aplikasi tidak bisa digunakan sama sekali. Padahal akan lebih bagus jika bisa digunakan. Terima kasih
Firsty R Renata,5,2024-07-13 02:33:00,Yes. Thanks
Aswin Putra,1,2024-07-09 21:08:48,"Really bad experience pakai aplikasi maupun web nya, pertama registrasi ereg inputnya tidak bisa terkirim entah dari input type tidak cocok dengan server side atau gimana, interface kacau karna banyak di redirect ke embedded webview, type error karena programmer kurang jeli dalam melihat kemungkinan type yang akan di input."
Ilfan Nur Arrofiq,1,2024-07-09 14:17:04,Mau reset password tp ditunggu sampek sejam lebih ngga ada email masuk.
Hilman Rizki,1,2024-07-09 02:57:20,"aplikasi pemerintahan emang se cacatt itu ya? mau login aja dipersulit, mana aplikasinya lamban"
Lukman Purnama,1,2024-07-02 09:55:41,"klo urusan beginian serahin ke swasta aja.. bikin aplikasi aja bnyak error, kualitas sdm pemerintahan negeri konoha beginilah !!"
xcode,1,2024-06-30 06:58:27,"Speechless... Klo ada 1/4 bintang, ini layak dapat 1/4 bintang."
Zastra Alfarezi,1,2024-06-30 02:44:26,Ini kenapa email terkirim ke email orang lain? kacau2
Akoon Saaya,1,2024-06-28 08:18:07,"aplikasi c*cad! yg buat anak magang ap gmn... error mulu mna gak jelas lg error'a knapa, pantes rating dibawah 3"
Yudo Parmanto,1,2024-06-28 00:58:10,"Ga bisa login, padahal di web bisa pakai akun yg sama. Ini kayanya bukti nyata kalau duit pajak kita dikorupsi"
Tyan Andriansyah,1,2024-06-27 11:36:36,Di fitur lupa efin tahap akhir input pin tapi pin nya tidak terkirim ke email tolong perbaiki
Taufik Setyo,1,2024-06-27 05:08:51,Verifikasi untuk dapat efin tetap harus ke kantor Pajak karna email yang digunakan email admin orang KPP bukan email pribadi
aries cahyo buwono,1,2024-06-27 03:36:19,"Aplikasi ngawur ....pilih SMS atau email saya pilih email ,email otomatis keluar untuk konfirmasi tapi bukan email saya sangat berbahaya karena saya sudah isi data pribadi"
Mj Surjawan,2,2024-06-27 02:11:15,Kode verifikasi login email tidak terkirim-kirim padahal 3 bulan sebelumnya berhasil login..
Samy Link,1,2024-06-25 11:37:11,"Brp kali minta request code via SMS, ga pernah masuk smsnya, pulsa padahal ada, kuita internet ada. Di test via email, malah di kirimnya ke email lain, aneh."
tedy g,1,2024-06-25 09:09:37,"Bikin aplikasi eror melulu, gaya doang. Chat sm petugasnya kita ada salah tanya dikit langsung putusin chat aja. Gila lu ga ada sopan santun"
Annisa Putri,5,2024-06-25 06:05:00,Best
Gilang Zulfikar,1,2024-06-25 00:35:04,Gak bisa dibuka
Muhammad Rizal Pagun,1,2024-06-19 16:12:16,"Aplikasi yang dibuat pakai uang pajak, tapi terkesan dibuat asal-asalan. Banyak error dan bugs, proses yang berbelit jadi bikin males ngurusinnya, bukannya di buat makin mudah, malah makin runyam."
Maria Christina Stevanni,1,2024-06-17 13:28:38,"Selalu gagal login padahal captcha & password sudah sesuai. Saya sampai reset password sampai 5x karena muncul tulisan ""e-mail dan password tidak sesuai"", ""akun tidak terdaftar"". MAU PADANKAN E-KTP DENGAN NPWP SESULIT INI YA TERNYATA ğŸ˜"
Random Videos,1,2024-06-15 10:25:39,"kebanyakan korupsi smpai aplikasi maupun link yg kalian buat gk guna, lelet, tidak efisien,interface gk jelas"
amirsyah,1,2024-06-13 16:10:32,"Buatlah aplikasi terintegrasi, termasuk pelaporan spt masa dll dlm 1 aplikasi. rempong ngab banyak aplikasi tp membingungkan"
Naufal Aqilatama,1,2024-06-11 12:42:54,"aplikasi sampah, gak mutu."
Baskoro Eskawida,1,2024-06-10 08:39:34,Lupa efin ribet server lo error mulu
Dafit Anggriawan,1,2024-06-10 02:40:19,"Aplikasi Gembel, sering eror, kebanyakan korupsi nya sih"
Muhammad Aldy Pratama,1,2024-06-09 05:22:07,udah isi semua data buat EFIN malah tiba-tiba internal server error.
Aldie Doel,1,2024-06-06 13:50:33,trash app
Fred Ay,2,2024-06-04 04:41:06,EFIN gagal trus...masih harus ke kantor Pajak...repot..
viko naep,1,2024-06-04 02:17:43,eror mulu
Gunawan 836,5,2024-05-30 12:34:46,top
Asep Taufik,1,2024-05-29 12:52:16,Udah 2x nyobain minta efin dan selalu stuck pas ngirim OTP nya ga ada terus nungguin 2x10 menit ğŸ˜µâ€ğŸ’«
Ekazianti,1,2024-05-25 07:55:30,verifikasi selalu gagal
lina caterina,1,2024-05-25 03:31:24,Pake aplikasi ini sangat3 butuh kesabaran tingkat dewa. Mau minta EFIN aja bukan main susah nya. Gagal setiap saat. Kalo bukan krn butuh gak akan pernah mau download aplikasi ini ğŸ‘ğŸ‘
Official Musik,1,2024-05-16 06:04:45,Aplikasi kagak guna
Lutfi Anggito_,1,2024-05-09 13:02:30,gajelas
Yogi Bdx,5,2024-05-07 03:28:38,bagus nih app nya
Fathoni Ridlo,1,2024-05-01 04:16:58,"Intinya jelek, wkwkwk"
Arya Satriananta,1,2024-04-30 01:25:08,"Setelah install langsung minta update di aplikasi, bukan di PlayStore / AppStore. Tanpa melalui screening PlayStore / AppStore, sangat berbahaya dan melanggar aturan Google / Apple."
fadly ardnsyh,1,2024-04-28 19:10:27,"Aplikasi Sampahhhhh, Kebanyakan errornya, Pantes aja Ratingnya kek mahasiswa Semester 10, ngeluarin dana negara Buat Garap aplikasi Berbasis online, ini yang Garap Mahasiswa IT semester 1?, bikin malu, Intopeksi sana, dikasih amanah Buat kemajuan negara di era 4.0 malah buat kemunduran"
Muhammad Fauzi Lufthansyahrizal,1,2024-04-27 16:20:57,"app gajelas, NPWP sama password udah sama kayak ereg pajak, masih ga bisa login. heran kok bisa ada app sebobrok ini"
Wigar Prasojo,1,2024-04-16 10:27:09,Emailnya ke kirim lama hadehhhh
Faqih Nabil,1,2024-04-11 04:18:23,Membuat akun saja gagal terus
M. Habib,5,2024-04-04 22:02:47,Good App
Gabriel Francisco,1,2024-04-01 05:12:21,"ga ada opsi email dan nomor hp, malah dikirim ke entah kemana alamat hp dan emailnya, jdnya ga bisa daftar efin. Tolong perbaiki appsnya, tambah fitur add phone number or email."
Besus Hendra,1,2024-04-01 04:53:42,"Amat sangat ribet, lebih mudah bikin rekening bank atau kartu kredit online. Ujung-ujungnya tetap ke kantor pajak offline."
Bayu Suhardi,1,2024-03-31 12:00:29,"Aplikasi sekelas direktorat kok gini? Lupa sandi ga bisa di pilih, mau daftar ga bisa di pilih, belum menerima email aktivasi ga bisa dipilih, belum punya npwp jg ga bisa dipilih..."
Abyantama El Anwary,1,2024-03-31 07:23:00,sampah
Willy Steven,1,2024-03-30 08:39:32,lapor pajak susah banget.. harus ganti2 adobe segala. gak user friendly mau pakai metode yg mana pun
FransiskaMoi,1,2024-03-30 05:27:48,Belom juga pake suru update. Di play store tidak ada info update. Aplikasi apaan nih
Jeffry Kuo,4,2024-03-30 04:30:03,Really helpful to get my EFIN but need to try many times because of the crash so i only gave 4 stars for now. Hope you can fix and improve in the future. Thanks
Ryan Andri,1,2024-03-29 06:51:06,"Gak heran aplikasi sampah kayak gini, pegawainya juga bnyak yang korup, orang mau taat pajak di persulit, semoga akhir hidup mu juga di persulit, aamiin!"
Muhammad Al Pandi,1,2024-03-28 23:50:12,"Ga bisa di buka, baru mau bukan udah crash. Ampun dah apps pemerintahan gini amat ğŸ¤¦â€â™‚ï¸"
M Dicky Ilhamsyah,1,2024-03-28 17:16:43,Badd
Cresenta,1,2024-03-28 10:53:29,"Sudah isi kelurahan sesuai yang terdaftar di kartu untuk validasi lupa efin, tapi malah katanya tidak sesuai. Kalau yg tertulis di kartu salah, apa yg benar?"
Ersha Auroryningtyas,1,2024-03-28 07:50:00,setiap buka page selalu restart
Callvin Leon,1,2024-03-28 07:48:24,"So sad. Buka aplikasi kena critical error, tekan tombol Relaunch tidak terjadi apa-apa. Ketika error hilang setelah relaunch manual, dapat dialog untuk permintaan update, padahal versi terbaru di Play Store."
NyotNyot,1,2024-03-28 07:05:39,"Crash terus, gk guna"
Casman,1,2024-03-28 07:01:06,"baru download masa suruh update, mana error gabisa dipake. uang pajak kam banyak masa bikin 1 aplikasi yg bagus aja gabisa -_-."
akagami stary,1,2024-03-28 06:30:59,eror mulu
Rikza Ramdani,1,2024-03-28 06:15:47,Critical error terusss
Risky Ardhianto,1,2024-03-28 05:20:59,"Bosok, eror terus....aplikasi bayar pajak kok eror....."
Bornok Evelyn,1,2024-03-28 05:10:01,Crash terus
Widya Gladiantari,1,2024-03-28 05:06:09,Eror terus
Ns Priatna,1,2024-03-28 04:56:30,Begitu buka minta update eh malah error wae
Key Abdurrozak,1,2024-03-28 04:50:19,Hapus aja bos app eror di pasang di playstore
Arga Fauzianto,1,2024-03-28 04:44:01,Apps error
Muhammad Qoidy,1,2024-03-28 04:41:59,Uang pajak dari rakyat mungkin kurang untuk membuat aplikasi yang proper ğŸ˜… critical error mulu setiap mau dipakai ğŸ‘
Aulia,1,2024-03-28 04:21:49,Error mulu
rahmat kamarullah,1,2024-03-28 03:07:57,jlek bnget astaga
Bagus Ajie,1,2024-03-28 02:49:23,"Aplikasi rusak, tidak berfungsi sama sekali. Sangat disayangkan pajak yg saya bayar tidak dimanfaatkan dengan baik. Terbukti dari rusaknya aplikasi ini. Sudah disuruh lapor pajak sendiri, aplikasi tidak membantu sama sekali. Sangat memalukan"
Andrew Jason,1,2024-03-28 02:31:33,Terkadang memang harus restrukturisasi tim IT ya di pemerintahan. rata2 aplikasinya banyak error.
Agung FM,1,2024-03-28 02:25:38,"mau reset efin, aplikaso error terus minta restart, okeey di restart lah, udah bisa klik menu efin isi form lah, ehh udah di isi + submit malah loading lama hasil nya error minta restart lagi, kita restart lagi , setelah restartmalah ga bisa klik menu efin, gimana sih ini bikin aplikasi error terus, di test ga sebenernya sebelum di release ke production , herqn masa aplikasi banyak bug gini masih lolos, dan ga ada yg inisiatif benerin kah dari pihak IT nya? masa harus nunggu laporan user dulu.!"
Emma Mochtar,1,2024-03-28 02:16:23,Aplikasi lemot... tinggal masukin OTP tapi kembali ke menu awal. Ulangin lagi gak bisa bisa
Brevet AB 63 Daan Mogot,1,2024-03-28 01:46:33,login harusnya bisa pakai NIK/NPWP. tapi maximal char yg bs masuk hanya 15 pdhl NIK 16 char. akhirnya isi pakai NPWP tapi tetap tidak bisa login.
Rizky Radiansyah,1,2024-03-28 01:44:33,"Gangguan mulu elah, mau ngurusin pajak tapi aksesnya dipersulit. Aneh."
Sieg D. Warrens,1,2024-03-28 01:41:40,"Error terus gak bisa kerja dengan benar aplikasinya padahal bilang verifikasi 100% ""Terjadi kesalahan saat mengambil data EFIN. Mohon untuk mencoba kembali beberapa saat lagi. (ERR_A_EFIN)"""
Ellang,1,2024-03-27 04:58:40,"Menu EFIN gabisa di akses, udah isi data lengkap dan sesuai tapi respon gagal terus"
Nurul Laily Masruroh,1,2024-03-27 02:47:58,"gak niat bikinnya, ngasal, buat proyek"
Aldy Ridwansyah,2,2024-03-26 07:51:58,Pajak doang gede. Buat develope software aja pelit banget
Irham Ulya,1,2024-03-26 06:27:18,fitur efin banyak errornya app blm siap udh di launch
Jandi Umboh,1,2024-03-26 05:06:17,Fitur lupa efin tidak berfungsi. Tidak bisa mengirimkan kode efin ke alamat email.
Ari Putra,1,2024-03-26 04:00:40,"Fc terus, app pemerintah selalu jelek, biaya buat aja yang mahal, buang buang duit negara!"
Stefen Laks,1,2024-03-26 03:05:48,Baru instal mau bayar pajak sdh eror
Krisna Iriana,1,2024-03-25 05:53:07,"Aplikasi kocak server kocak, masak cuma request otp no telpon aja ga di kirim kirim, pulsa ada nomor aktif. ğŸ˜¡ğŸ˜ ğŸ˜¤"
Vincent Tan,1,2024-03-25 05:10:46,aplikasi eror
Afif Syifaurrohman,1,2024-03-24 14:08:38,sekelas pemerintah indonesia aja gabisa bikin aplikasi gampang kek gini.. keliatan banget kalo dana buat bikin aplikasi ini di korupsi ğŸ—¿ğŸ—¿
Oro Chimaru,1,2024-03-24 07:02:20,"Sampah, padahal ga pernah ganti password dibilang password salah, mau ajukan efin malah katanya error validate nik 3, maksudnya apa coba? Semua data udah bener"
Andra Imam Putra,1,2024-03-24 00:22:34,"Selalu critical error saat lagi pengajuan lupa EFIN, udah ngetik semua data nya dan selalu error. Gimana orang mau bayar pajak kalau aplikasi nya menyulitkan seperti ini, ga semua orang sempet ngurus ke kantor pajak secara langsung karena satu dan lain hal, tolong lah yang bener ngelola aplikasi nya. Trims"
Aidil Fudhail Mumtaz,1,2024-03-22 13:31:12,Login aja susah
Rudi Ramdani,1,2024-03-22 06:44:24,Aplikasi buatan anak sd
Ahmad S,1,2024-03-22 06:21:23,"Aplikasi bodo, masa baru install udah minta update udah gitu ngeheng lagi"
Rizki Nugraha,1,2024-03-22 02:13:11,"Berurusan sama instansi pemerintah mah emang ribet, aplikasi jg sama ribetnya, kapan mau maju wkwkwkwk"
Agatha Eka Wijaya,1,2024-03-21 15:50:52,Coba pak/bu opsi adobenya diganti yang lain. Memangnya semua orang mampu untuk bayar adobe yg berbayar(?)
Adi Wikrama,1,2024-03-21 12:50:29,Eror server dan live chat eror jg
Alex Setiawan,1,2024-03-21 12:29:17,"Aplikasi pajak kok begini, ga bisa di klik apa2 cm beri info pribadi dan kantor terdekat. Tadinya sy berharap aplikasi lbh baik drpd website ternyata sama saja. Tidak berfungsi sbg mestinya."
Lovelove Intheair,1,2024-03-21 09:39:34,Bapuk
Yunita,1,2024-03-21 04:27:04,trash app
muhammad rifaldhi,1,2024-03-21 03:53:09,Ga jelas out trus
Gathot Gathot,1,2024-03-21 02:17:06,So much trouble
fajar fitriadi,1,2024-03-20 06:56:01,Aplikasi kebanyakan erroooooorrrr bossss..
Dimas Seto Laksono,1,2024-03-20 05:04:27,aplikasi ngeleg dasar pada dikorupsi anjingg ngelegg kagak bisa ngisi
Rama Adhiwangsa,1,2024-03-20 05:04:25,Terlalu sering error
Akura Ega Shiro,1,2024-03-20 02:58:42,Halo. Kenapa aplikasinya ngcrash terus?? Bagaimana caranya aku mo bikin/cari EFIN-ku kalau appnya ngcrash terus?? Plis tolong fix secepat mngkn
Handoko Saputra,1,2024-03-20 02:27:11,Bug dan ga bs dibuka sama sekali
Baiq Hotnida (Nida Baiq),5,2024-03-19 05:03:12,Good
tirta bastoni,5,2024-03-18 06:11:25,help me to get my efin no.
Young- Q,1,2024-03-17 06:05:10,"Gak guna, gak bisa buat lapor spt, tetap ruwet seperti biasanya"
Mei Rizal,5,2024-03-16 15:27:04,"terima kasih, saya berhasil mendapatkan Efin saya kembali dengan mudah dan cepat..."
Yohanes Bagas,1,2024-03-16 12:34:35,jangan dikorup ya cari uang susah
Monang Pasaribu,1,2024-03-14 12:56:35,Bad apk
Novin Setiawan,1,2024-03-14 12:04:45,Rubbish
Nathaniel Fuad,5,2024-03-14 03:50:41,"aplikasi sangat bagus dan berguna buat lupa EFIF. Good job, terus kembangkan aplikasinya ğŸ‘ğŸ‘"
Pio biru,1,2024-03-14 03:24:13,Tidak bisa login setelah update versi terbaru
Tamado Sitohang,1,2024-03-13 03:30:15,"Tidak bisa login, minta update mulu padahal tidak ada update di Play Store"
Try Ajitiono,1,2024-03-09 01:39:47,"Wanted to reset password by requesting eFIN first, filled already the long form, then the app says error 413 upon submission. If you want to take our tax, at least have the decency to build a good software, so at least tax filing won't be as painful as it is now. Thanks. What is the difficulty on just using NIK and email to verify if the NIK matches the registered email? Then set up rate limit so it can't be abused. Sometimes I am confused with how our government does problem solving."
Pranadipta Kurniawan,4,2024-03-09 00:02:16,Kenapa tidak sekalian dimasukkan fitur pelaporan spt tahunan
HENDRA HERMAWAN,5,2024-03-07 12:55:51,Good
Adi Wicaksono,5,2024-03-07 03:11:23,lanjutkan
Cha Hida,2,2024-03-06 18:15:50,The application needs to be improved! Banyak bugs dan banner di halaman depan hanya pajangan (tidak bisa dibuka informasinya). Untuk fitur ChatPajak pun selalu terputus.
Ahmad Daffa,1,2024-03-06 15:04:01,"gabisa masuk muter doang, padahal koneksi aman"
Asty diah,1,2024-03-06 09:08:28,Wah ra masok apk ne zonk!
Helen Li,2,2024-03-06 02:40:06,Setelah di update malah ga bs dibuka.
Windu Oethman,1,2024-03-05 08:58:02,Knp jd ga bs lapor spt setelah update?
Atim Taufiq,5,2024-03-04 12:55:27,Ok
Mohammad Ravli Afora,1,2024-03-04 04:41:49,"Blank, tidak load apa apa. Menunggu sudah sampai 20 menit. Perlu ditingkatkan lagi kualitas aplikasi dan kualitas pekerja app developer nya"
Mamank Geni,1,2024-02-29 08:24:52,GAJELAS. GUE MAU MASUK CHAT AJA GA BISA BISA
Fakhrozi ivano yahya,1,2024-02-29 07:46:31,Selalu gagal saat registrasi efin. Jelek banget kualitas aplikasi nya
Technical CJ,1,2024-02-28 15:59:39,Ga bisa isi SPT disini mesti ke webaite djp.Online.pajak.go.id juga. apa guna nya Lu org bikin aplikasi M Pajak?
Redhi Kurniawan,1,2024-02-28 12:07:58,Bad
aqsa aulia,1,2024-02-28 10:13:41,Lelet..ga guna...pas masuk server error...emamg uang pajak kemana??? Buat beli rubicon (yang ga bayar pajak) sisanya buat dikorupsi
budi hermanto,1,2024-02-27 01:59:43,"Permohonan ulang Efin tidak bisa di lakukan ERR VALIDATE NIK 02,"
M. Zakiy Lathif Abrori,1,2024-02-26 04:39:56,Aplikasi gak jelas. Hapus aja dari playstore.
Tijaku Tense,1,2024-02-20 23:41:24,Ribet. Ruwet. Susah dimengerti. Bikin emosi
Gustri Handoyo,1,2024-02-18 09:28:16,Dibenerin lagi ya...
Muhammad Febrian Adi Saputra,1,2024-02-18 03:20:57,"Registrasi EFIN tidak bisa, sudah ikut prosedur sampai dapat OTP, pas masukin kode lalu klik muncul notif sekilas dan tidak ada kelanjutannya,"
Catur olprima nanda,1,2024-02-17 07:39:55,"Ribet banget mau log in, udah ganti password masih juga ribet"
Ahmad Mubarak,1,2024-02-15 05:58:54,ya ampun login aja gabisa udah register dan aktivasi eh npwp sama nik malah salah gajelas
andrian chandra,1,2024-02-15 03:18:17,Gak bisa masuk aplikasi selalu error
salim mi'raj,5,2024-02-12 00:33:52,Good app
Urip Hidayat (iip),1,2024-02-10 18:48:29,Verifikasi wajah crash terus aplikasinya. Programmer nya payah.
Angel,1,2024-02-07 06:56:30,Error mulu. Mau gak mau harus ke KPP dong. Percuma donlot aplikasinya.
Afilla Pratama,1,2024-02-02 08:18:49,Aplikasi sampah
Johanes Cornelis Malonda,1,2024-02-01 07:53:28,Minta kirim email verifikasi ga di kirim2 ini yg buat aplikasi amatir ya ? Pilih tenaga buat apk yang profesional dong jangan cuman biar anggaran abis aja
deden mardiansyah,3,2024-02-01 06:00:54,"lupa efin ga bisa"" . eror mulu gagal kirim data katanya"
Muhamad Kholis,4,2024-01-30 09:43:07,"â­â­â­â­ dulu, Sampai saat ini (30/01/2024) belum bisa untuk login dengan NIK"
Mama Rambo,1,2024-01-30 01:12:04,Woi benerin lah pas masukin nik kurang 1 angka ini gmn sih
Agung Pratama Putra,4,2024-01-29 08:26:45,Tidak menerima kode verifikasi setelah login. Semua email sudah dicek termasuk di bagian spam
wayan gunawan,1,2024-01-29 05:32:44,"1. Tidak bisa login menggunakan NIK. 2. Kode Verifikasi via email 2jam baru sampai. 3. Jika sudah dimasukkan kode verifikasi yg di terima, selalu muncul kesalahan kode tidak benar/salah. 4. Tidak bisa klik luoa paswoord"
Yodi Priantama,1,2024-01-27 07:05:43,"Udah pemutakhiran NIK tapi blom update biar bisa pake NIK buat login, maksimum karakternya kurang 1. Kocak."
Wanda Murpriono Widiantoro,1,2024-01-25 10:37:58,Mau lihat ulang EFIN tapi begitu sampai tahap selfie malah aplikasinya keluar terus. Aplikasi payah.
ricky nugraha,1,2024-01-25 03:25:03,Web gak bermut sudah reset password masih tetap salah
ardo doardo,1,2024-01-24 05:40:09,Kok error terus. Tiba2 keinget ini aplikasi buatan pemerintah yang suka korupsi.
Afrinal Sumbaymider,1,2024-01-22 02:32:47,Aplikasi sampah. Masa ga bisa login? Uang pajak hasilnya begini doang nih?
Naufan Rusyda Faikar,1,2024-01-22 00:52:04,"Katanya ERR_VALIDATE_NIK, padahal NIK saya terdaftar di cekdptonline"
Abdul Arief Bogie,1,2024-01-18 05:24:44,Login aja ga bisa. Di web bisa. Tipikal aplikasi pemerintah
sun ong,1,2024-01-18 02:54:04,Sering error
Chaeru Ginanjar,1,2024-01-15 08:27:18,Daftar Ereg udah msuk tahap aktifasi ko akun terblokir??? Ga jelas bnget dih
Muhammad Fauzi,2,2024-01-12 09:40:15,"NIK kan 16 digits, sedangkan cuma bisa input 15 digits. Ini aplikasi ada QA nya ga sih sebelum rilis??"
Teddy Ardiansyah,1,2024-01-06 10:53:21,App restart terus waktu dibuka.
Wong Jowo,2,2024-01-05 04:15:47,Kalo ga bisa maintain aplikasi yaudah manual aja ga usah aneh2
Lita Lukita,1,2024-01-04 01:14:46,Mau ngurus efin tp gk bisa. vertifikasi data gagal terus padahal sudah benar dan dikoreksi berulang-ulang.
iqbal pratama,1,2024-01-01 06:10:42,"Tipikal aplikasi pemerintahan, banyak bug. Anggaran besar padahal"
Jeremi Siregar,1,2024-01-01 04:24:21,"Ampas bgt aplikasinya. Error mulu. Korupsi doang yg jago. Sampah semua didalamnya, jadi digital kagak diurus."
share gideon panduwinata,3,2023-12-31 14:00:25,NIK atau NPWP tapi cuma bisa ngisi 15 digit doang... ğŸ¥²
Jedediah Fanuel,3,2023-12-31 13:36:00,I think the feature is still incomplete compared to the web version
Joshua,1,2023-12-30 03:40:52,"Mohon maaf sebelumnya, nik itu kan 16 digit ya? Tapi kenapa ketika mau login dengan nik maksimum karakternya 15 digit ya? Sengaja kah atau bagaimana?"
Erik Zul Armanda,1,2023-12-29 11:00:44,"Apk cacat, jelas2 udh bener masukin data diri"
Ruben Prathama,1,2023-12-29 05:24:58,verifikasi data gagal terus. bagaimana mau sync NIK dan NPWP kalo ga bisa verifikasi.
Mufti Ali,1,2023-12-28 20:14:55,"App Pemda setingkat Kota masih jauh lebih bagus dari App ini. Untuk Login pakai NIK, jumlah karakter yang bisa diketik tidak cukup."
Kurniawan Fahmi,4,2023-12-25 00:03:13,"Baru akses apps ini di bulan Des 2023, menggunakan NPWP. Data profile sudah sesuai dengan yang ada di Web. Tapi belum explore seluruh data di apps. Sepertinya semua sesuai. Pertanyaan untuk admin, saat login dengan mengisi kolom npwp, sepertinya dibatasi untuk 15 karakter aja ya. Jadi gak bisa isi 16 karakter untuk NIK. Padahal di judul nya dah tertulis NPWP / NIK."
Fiestyo Imanta,1,2023-12-22 03:08:41,"Penginputan mudah, tapi selalu gagal saat verifikasi."
Rizal Hermawan,2,2023-12-21 11:49:01,Masih kurang 1 angka di belakang. Jadi NIK belum bisa pakai m-pajak
Dony Garut,5,2023-12-19 10:52:14,"Aplikasi M-Pajak (DJP) semakin baik dan cukup mudah untuk penggunaannya. Ada satu hal yang perlu diperbaiki, setelah saya lakukan pemadanan antara NIK KTP dengan Nomor NPWP, serta telah divalidasi sukses, akan tetapi sewaktu saya coba login dengan meng-input (NIK KTP) di aplikasi ini, ternyata tidak cukup untuk 16 digit angka NIK KTP, dan hanya cukup 15 digit angka nomor NPWP saja."
Randy Kauwo,1,2023-12-19 03:21:38,Benerin dulu bugnya
Samuel Tagali,2,2023-12-19 03:17:38,KPP isinya baby boomer belajar laptop semua.. Appsnya error melulu.. Gimana nih? Haha
Rijal Tanjung,1,2023-12-18 11:57:35,Can't open apps after updating to the latest version
Erick Cristian Bo,1,2023-12-18 08:14:50,Aplikasi broken
Fauzan Hadisyahputra,1,2023-12-18 05:09:05,"Suruh masukin NIK, tapi cuma bisa 10 angka. Ayolah."
Adelia B,1,2023-12-18 04:45:40,Tidak bisa login. Network error terus
